sampleID,Project
sample_2224,LSVF
sample_1453,LSVF
sample_1002,LSVF
sample_1257,LSVF
sample_1562,LSVF
sample_905,LSVF
sample_966,LSVF
sample_713,LSVF
sample_1342,LSVF
sample_945,LSVF
sample_2096,LSVF
sample_1135,LSVF
sample_1762,LSVF
sample_820,LSVF
sample_708,LSVF
sample_1924,LSVF
sample_802,LSVF
sample_1949,LSVF
sample_2402,LSVF
sample_594,LSVF
sample_1073,LSVF
sample_972,LSVF
sample_1725,LSVF
sample_1930,LSVF
sample_1050,LSVF
sample_1022,LSVF
sample_2450,LSVF
sample_1479,LSVF
sample_2002,LSVF
sample_124,LSVF
sample_583,LSVF
sample_2128,LSVF
sample_2055,LSVF
sample_525,LSVF
sample_1047,LSVF
sample_2029,LSVF
sample_1145,LSVF
sample_895,LSVF
sample_2361,LSVF
sample_2060,LSVF
sample_2023,LSVF
sample_250,LSVF
sample_873,LSVF
sample_1085,LSVF
sample_1388,LSVF
sample_179,LSVF
sample_2497,LSVF
sample_1938,LSVF
sample_851,LSVF
sample_1552,LSVF
sample_519,LSVF
sample_1338,LSVF
sample_948,LSVF
sample_1774,LSVF
sample_1384,LSVF
sample_896,LSVF
sample_1254,LSVF
sample_758,LSVF
sample_1575,LSVF
sample_527,LSVF
sample_752,LSVF
sample_755,LSVF
sample_765,LSVF
sample_2518,LSVF
sample_1363,LSVF
sample_1714,LSVF
sample_541,LSVF
sample_64,LSVF
sample_339,LSVF
sample_842,LSVF
sample_547,LSVF
sample_563,LSVF
sample_1742,LSVF
sample_2038,LSVF
sample_764,LSVF
sample_1088,LSVF
sample_1893,LSVF
sample_1130,LSVF
sample_1822,LSVF
sample_1451,LSVF
sample_1917,LSVF
sample_874,LSVF
sample_636,LSVF
sample_1402,LSVF
sample_1886,LSVF
sample_795,LSVF
sample_1994,LSVF
sample_1018,LSVF
sample_809,LSVF
sample_789,LSVF
sample_2485,LSVF
sample_290,LSVF
sample_653,LSVF
sample_887,LSVF
sample_921,LSVF
sample_392,LSVF
sample_915,LSVF
sample_614,LSVF
sample_312,LSVF
sample_1390,LSVF
sample_1876,LSVF
sample_543,LSVF
sample_768,LSVF
sample_2426,LSVF
sample_1745,LSVF
sample_569,LSVF
sample_1555,LSVF
sample_2266,LSVF
sample_1040,LSVF
sample_328,LSVF
sample_1984,LSVF
sample_1735,LSVF
sample_822,LSVF
sample_1879,LSVF
sample_1086,LSVF
sample_1986,LSVF
sample_955,LSVF
sample_377,LSVF
sample_1268,LSVF
sample_2273,LSVF
sample_1630,LSVF
sample_877,LSVF
sample_888,LSVF
sample_1818,LSVF
sample_770,LSVF
sample_1246,LSVF
sample_1905,LSVF
sample_1987,LSVF
sample_1996,LSVF
sample_1967,LSVF
sample_943,LSVF
sample_1449,LSVF
sample_2026,LSVF
sample_1333,LSVF
sample_897,LSVF
sample_1885,LSVF
sample_1733,LSVF
sample_302,LSVF
sample_1726,LSVF
sample_1835,LSVF
sample_40,LSVF
sample_1945,LSVF
sample_1621,LSVF
sample_853,LSVF
sample_882,LSVF
sample_1665,LSVF
sample_932,LSVF
sample_2011,LSVF
sample_693,LSVF
sample_2252,LSVF
sample_452,LSVF
sample_628,LSVF
sample_815,LSVF
sample_528,LSVF
sample_791,LSVF
sample_1591,LSVF
sample_554,LSVF
sample_1448,LSVF
sample_296,LSVF
sample_1934,LSVF
sample_1323,LSVF
sample_912,LSVF
sample_2025,LSVF
sample_1414,LSVF
sample_976,LSVF
sample_463,LSVF
sample_748,LSVF
sample_1957,LSVF
sample_1605,LSVF
sample_646,LSVF
sample_1955,LSVF
sample_2376,LSVF
sample_507,LSVF
sample_1991,LSVF
sample_473,LSVF
sample_1295,LSVF
sample_1364,LSVF
sample_689,LSVF
sample_1457,LSVF
sample_2006,LSVF
sample_1903,LSVF
sample_1359,LSVF
sample_1151,LSVF
sample_1136,LSVF
sample_1724,LSVF
sample_2407,LSVF
sample_800,LSVF
sample_813,LSVF
sample_1846,LSVF
sample_751,LSVF
sample_2388,LSVF
sample_2335,LSVF
sample_984,LSVF
sample_552,LSVF
sample_274,LSVF
sample_2085,LSVF
sample_1702,LSVF
sample_2396,LSVF
sample_2509,LSVF
sample_2461,LSVF
sample_937,LSVF
sample_1037,LSVF
sample_2418,LSVF
sample_1914,LSVF
sample_1926,LSVF
sample_805,LSVF
sample_1444,LSVF
sample_2493,LSVF
sample_68,LSVF
sample_1849,LSVF
sample_1061,LSVF
sample_1123,LSVF
sample_2491,LSVF
sample_1894,LSVF
sample_681,LSVF
sample_692,LSVF
sample_1012,LSVF
sample_784,LSVF
sample_1003,LSVF
sample_1947,LSVF
sample_995,LSVF
sample_785,LSVF
sample_2135,LSVF
sample_971,LSVF
sample_556,LSVF
sample_1302,LSVF
sample_1773,LSVF
sample_2348,LSVF
sample_1001,LSVF
sample_1536,LSVF
sample_1944,LSVF
sample_1873,LSVF
sample_824,LSVF
sample_997,LSVF
sample_371,LSVF
sample_1916,LSVF
sample_334,LSVF
sample_534,LSVF
sample_285,LSVF
sample_928,LSVF
sample_718,LSVF
sample_1881,LSVF
sample_2024,LSVF
sample_1026,LSVF
sample_640,LSVF
sample_885,LSVF
sample_1403,LSVF
sample_1458,LSVF
sample_602,LSVF
sample_1958,LSVF
sample_1488,LSVF
sample_1756,LSVF
sample_1695,LSVF
sample_620,LSVF
sample_950,LSVF
sample_1025,LSVF
sample_1883,LSVF
sample_780,LSVF
sample_1506,LSVF
sample_1943,LSVF
sample_51,LSVF
sample_295,LSVF
sample_1862,LSVF
sample_2032,LSVF
sample_2447,LSVF
sample_579,LSVF
sample_546,LSVF
sample_776,LSVF
sample_883,LSVF
sample_1828,LSVF
sample_2008,LSVF
sample_1401,LSVF
sample_1165,LSVF
sample_792,LSVF
sample_1875,LSVF
sample_304,LSVF
sample_1168,LSVF
sample_1592,LSVF
sample_952,LSVF
sample_1843,LSVF
sample_261,LSVF
sample_1411,LSVF
sample_1079,LSVF
sample_1480,LSVF
sample_2101,LSVF
sample_680,LSVF
sample_1904,LSVF
sample_639,LSVF
sample_638,LSVF
sample_658,LSVF
sample_1356,LSVF
sample_1461,LSVF
sample_1852,LSVF
sample_1911,LSVF
sample_498,LSVF
sample_1465,LSVF
sample_434,LSVF
sample_654,LSVF
sample_315,LSVF
sample_670,LSVF
sample_1768,LSVF
sample_1578,LSVF
sample_825,LSVF
sample_2009,LSVF
sample_1474,LSVF
sample_1826,LSVF
sample_520,LSVF
sample_1704,LSVF
sample_622,LSVF
sample_1184,LSVF
sample_1829,LSVF
sample_828,LSVF
sample_1854,LSVF
sample_1770,LSVF
sample_426,LSVF
sample_810,LSVF
sample_2268,LSVF
sample_734,LSVF
sample_457,LSVF
sample_1731,LSVF
sample_1035,LSVF
sample_1106,LSVF
sample_2251,LSVF
sample_1138,LSVF
sample_1918,LSVF
sample_845,LSVF
sample_1972,LSVF
sample_1060,LSVF
sample_1019,LSVF
sample_741,LSVF
sample_1379,LSVF
sample_2513,LSVF
sample_647,LSVF
sample_2338,LSVF
sample_918,LSVF
sample_714,LSVF
sample_859,LSVF
sample_577,LSVF
sample_553,LSVF
sample_110,LSVF
sample_1193,LSVF
sample_1032,LSVF
sample_1495,LSVF
sample_1802,LSVF
sample_879,LSVF
sample_1314,LSVF
sample_664,LSVF
sample_1437,LSVF
sample_2269,LSVF
sample_50,LSVF
sample_1869,LSVF
sample_1892,LSVF
sample_1891,LSVF
sample_1375,LSVF
sample_836,LSVF
sample_1485,LSVF
sample_1855,LSVF
sample_1209,LSVF
sample_2082,LSVF
sample_1842,LSVF
sample_930,LSVF
sample_726,LSVF
sample_2383,LSVF
sample_1939,LSVF
sample_1928,LSVF
sample_727,LSVF
sample_2021,LSVF
sample_806,LSVF
sample_990,LSVF
sample_1367,LSVF
sample_271,LSVF
sample_687,LSVF
sample_788,LSVF
sample_1339,LSVF
sample_866,LSVF
sample_1613,LSVF
sample_1351,LSVF
sample_1243,LSVF
sample_650,LSVF
sample_819,LSVF
sample_1788,LSVF
sample_827,LSVF
sample_294,LSVF
sample_1711,LSVF
sample_1344,LSVF
sample_1277,LSVF
sample_854,LSVF
sample_362,LSVF
sample_929,LSVF
sample_1870,LSVF
sample_1775,LSVF
sample_1213,LSVF
sample_667,LSVF
sample_1803,LSVF
sample_2018,LSVF
sample_2411,LSVF
sample_1349,LSVF
sample_1887,LSVF
sample_2232,LSVF
sample_512,LSVF
sample_2467,LSVF
sample_723,LSVF
sample_1369,LSVF
sample_1985,LSVF
sample_1063,LSVF
sample_705,LSVF
sample_1820,LSVF
sample_1374,LSVF
sample_1008,LSVF
sample_773,LSVF
sample_1377,LSVF
sample_538,LSVF
sample_1604,LSVF
sample_429,LSVF
sample_1381,LSVF
sample_1064,LSVF
sample_715,LSVF
sample_2014,LSVF
sample_1270,LSVF
sample_119,LSVF
sample_648,LSVF
sample_561,LSVF
sample_757,LSVF
sample_427,LSVF
sample_2416,LSVF
sample_1365,LSVF
sample_1708,LSVF
sample_1075,LSVF
sample_1077,LSVF
sample_1038,LSVF
sample_766,LSVF
sample_1438,LSVF
sample_1732,LSVF
sample_2090,LSVF
sample_411,LSVF
sample_793,LSVF
sample_266,LSVF
sample_343,LSVF
sample_1956,LSVF
sample_1865,LSVF
sample_1290,LSVF
sample_1408,LSVF
sample_2153,LSVF
sample_459,LSVF
sample_1796,LSVF
sample_1080,LSVF
sample_1936,LSVF
sample_1113,LSVF
sample_1815,LSVF
sample_2017,LSVF
sample_1059,LSVF
sample_1755,LSVF
sample_456,LSVF
sample_993,LSVF
sample_881,LSVF
sample_1989,LSVF
sample_1104,LSVF
sample_1397,LSVF
sample_433,LSVF
sample_1010,LSVF
sample_396,LSVF
sample_1470,LSVF
sample_531,LSVF
sample_279,LSVF
sample_1839,LSVF
sample_291,LSVF
sample_539,LSVF
sample_1860,LSVF
sample_1581,LSVF
sample_1868,LSVF
sample_1664,LSVF
sample_584,LSVF
sample_449,LSVF
sample_1840,LSVF
sample_1720,LSVF
sample_333,LSVF
sample_1779,LSVF
sample_557,LSVF
sample_1160,LSVF
sample_1974,LSVF
sample_1927,LSVF
sample_1670,LSVF
sample_1091,LSVF
sample_875,LSVF
sample_2027,LSVF
sample_1122,LSVF
sample_2225,LSVF
sample_1271,LSVF
sample_772,LSVF
sample_1289,LSVF
sample_385,LSVF
sample_947,LSVF
sample_1419,LSVF
sample_1606,LSVF
sample_1421,LSVF
sample_956,LSVF
sample_886,LSVF
sample_1093,LSVF
sample_1992,LSVF
sample_847,LSVF
sample_1230,LSVF
sample_2098,LSVF
sample_1540,LSVF
sample_83,LSVF
sample_44,LSVF
sample_1114,LSVF
sample_504,LSVF
sample_2246,LSVF
sample_900,LSVF
sample_1291,LSVF
sample_860,LSVF
sample_558,LSVF
sample_1749,LSVF
sample_656,LSVF
sample_589,LSVF
sample_816,LSVF
sample_1753,LSVF
sample_526,LSVF
sample_1764,LSVF
sample_774,LSVF
sample_2114,LSVF
sample_838,LSVF
sample_1712,LSVF
sample_1090,LSVF
sample_2250,LSVF
sample_1806,LSVF
sample_1412,LSVF
sample_1126,LSVF
sample_1997,LSVF
sample_996,LSVF
sample_500,LSVF
sample_1245,LSVF
sample_1350,LSVF
sample_1920,LSVF
sample_2022,LSVF
sample_1663,LSVF
sample_1499,LSVF
sample_942,LSVF
sample_2154,LSVF
sample_728,LSVF
sample_353,LSVF
sample_914,LSVF
sample_2496,LSVF
sample_1017,LSVF
sample_2072,LSVF
sample_1970,LSVF
sample_1074,LSVF
sample_1089,LSVF
sample_444,LSVF
sample_1872,LSVF
sample_1279,LSVF
sample_1036,LSVF
sample_1759,LSVF
sample_1709,LSVF
sample_767,LSVF
sample_1187,LSVF
sample_582,LSVF
sample_2490,LSVF
sample_1445,LSVF
sample_2441,LSVF
sample_1309,LSVF
sample_1407,LSVF
sample_1661,LSVF
sample_908,LSVF
sample_1809,LSVF
sample_2448,LSVF
sample_1082,LSVF
sample_1096,LSVF
sample_913,LSVF
sample_1044,LSVF
sample_2019,LSVF
sample_108,LSVF
sample_598,LSVF
sample_237,LSVF
sample_739,LSVF
sample_2015,LSVF
sample_1259,LSVF
sample_1287,LSVF
sample_475,LSVF
sample_1966,LSVF
sample_1275,LSVF
sample_1387,LSVF
sample_355,LSVF
sample_1376,LSVF
sample_548,LSVF
sample_778,LSVF
sample_1851,LSVF
sample_1636,LSVF
sample_1801,LSVF
sample_1395,LSVF
sample_1067,LSVF
sample_1626,LSVF
sample_2390,LSVF
sample_1028,LSVF
sample_872,LSVF
sample_967,LSVF
sample_963,LSVF
sample_796,LSVF
sample_2367,LSVF
sample_2000,LSVF
sample_1906,LSVF
sample_2503,LSVF
sample_1294,LSVF
sample_1999,LSVF
sample_1649,LSVF
sample_2087,LSVF
sample_911,LSVF
sample_2070,LSVF
sample_1627,LSVF
sample_2059,LSVF
sample_2043,LSVF
sample_1218,LSVF
sample_281,LSVF
sample_492,LSVF
sample_812,LSVF
sample_278,LSVF
sample_390,LSVF
sample_743,LSVF
sample_276,LSVF
sample_1975,LSVF
sample_1791,LSVF
sample_1833,LSVF
sample_1844,LSVF
sample_1031,LSVF
sample_2330,LSVF
sample_152,LSVF
sample_1433,LSVF
sample_592,LSVF
sample_283,LSVF
sample_799,LSVF
sample_404,LSVF
sample_2005,LSVF
sample_1251,LSVF
sample_1940,LSVF
sample_2066,LSVF
sample_832,LSVF
sample_1995,LSVF
sample_2242,LSVF
sample_41,LSVF
sample_292,LSVF
sample_1942,LSVF
sample_1850,LSVF
sample_20,LSVF
sample_1910,LSVF
sample_1908,LSVF
sample_910,LSVF
sample_244,LSVF
sample_1286,LSVF
sample_2414,LSVF
sample_1929,LSVF
sample_1030,LSVF
sample_2460,LSVF
sample_400,LSVF
sample_1181,LSVF
sample_756,LSVF
sample_1827,LSVF
sample_568,LSVF
sample_951,LSVF
sample_1963,LSVF
sample_1933,LSVF
sample_572,LSVF
sample_1953,LSVF
sample_122,LSVF
sample_1877,LSVF
sample_560,LSVF
sample_1980,LSVF
sample_894,LSVF
sample_2511,LSVF
sample_1941,LSVF
sample_517,LSVF
sample_1476,LSVF
sample_2,LSVF
sample_1907,LSVF
sample_786,LSVF
sample_595,LSVF
sample_409,LSVF
sample_1717,LSVF
sample_1983,LSVF
sample_293,LSVF
sample_2504,LSVF
sample_1973,LSVF
sample_1329,LSVF
sample_1048,LSVF
sample_1937,LSVF
sample_270,LSVF
sample_1324,LSVF
sample_1935,LSVF
sample_1097,LSVF
sample_2434,LSVF
sample_2227,LSVF
sample_2020,LSVF
sample_342,LSVF
sample_1946,LSVF
sample_852,LSVF
sample_1922,LSVF
sample_1948,LSVF
sample_688,LSVF
sample_1146,LSVF
sample_1496,LSVF
sample_1092,LSVF
sample_1066,LSVF
sample_1825,LSVF
sample_1964,LSVF
sample_413,LSVF
sample_2117,LSVF
sample_2296,XPENN
sample_359,XPENN
sample_1033,XPENN
sample_1162,XPENN
sample_321,XPENN
sample_1117,XPENN
sample_1456,XPENN
sample_585,XPENN
sample_665,XPENN
sample_406,XPENN
sample_1816,XPENN
sample_1233,XPENN
sample_588,XPENN
sample_85,XPENN
sample_1618,XPENN
sample_2282,XPENN
sample_1684,XPENN
sample_47,XPENN
sample_268,XPENN
sample_1486,XPENN
sample_129,XPENN
sample_1637,XPENN
sample_1452,XPENN
sample_420,XPENN
sample_1056,XPENN
sample_2159,XPENN
sample_1792,XPENN
sample_892,XPENN
sample_2109,XPENN
sample_1208,XPENN
sample_954,XPENN
sample_28,XPENN
sample_1348,XPENN
sample_323,XPENN
sample_2487,XPENN
sample_287,XPENN
sample_1024,XPENN
sample_977,XPENN
sample_436,XPENN
sample_313,XPENN
sample_610,XPENN
sample_1857,XPENN
sample_617,XPENN
sample_2294,XPENN
sample_1144,XPENN
sample_1434,XPENN
sample_1751,XPENN
sample_2279,XPENN
sample_1009,XPENN
sample_2146,XPENN
sample_625,XPENN
sample_162,XPENN
sample_1400,XPENN
sample_96,XPENN
sample_814,XPENN
sample_84,XPENN
sample_771,XPENN
sample_54,XPENN
sample_88,XPENN
sample_1118,XPENN
sample_1265,XPENN
sample_262,XPENN
sample_608,XPENN
sample_2289,XPENN
sample_2384,XPENN
sample_669,XPENN
sample_565,XPENN
sample_424,XPENN
sample_1288,XPENN
sample_1219,XPENN
sample_502,XPENN
sample_345,XPENN
sample_1380,XPENN
sample_141,XPENN
sample_1382,XPENN
sample_2089,XPENN
sample_1693,XPENN
sample_2404,XPENN
sample_2505,XPENN
sample_2290,XPENN
sample_575,XPENN
sample_1718,XPENN
sample_1535,XPENN
sample_1157,XPENN
sample_21,XPENN
sample_1276,XPENN
sample_1845,XPENN
sample_559,XPENN
sample_1396,XPENN
sample_2164,XPENN
sample_1880,XPENN
sample_1212,XPENN
sample_986,XPENN
sample_9,XPENN
sample_629,XPENN
sample_1558,XPENN
sample_555,XPENN
sample_1532,XPENN
sample_1327,XPENN
sample_1304,XPENN
sample_1662,XPENN
sample_720,XPENN
sample_867,XPENN
sample_704,XPENN
sample_706,XPENN
sample_707,XPENN
sample_678,XPENN
sample_597,XPENN
sample_2140,XPENN
sample_1898,XPENN
sample_1674,XPENN
sample_1739,XPENN
sample_2110,XPENN
sample_2234,XPENN
sample_1422,XPENN
sample_1121,XPENN
sample_1398,XPENN
sample_844,XPENN
sample_1683,XPENN
sample_2306,XPENN
sample_1247,XPENN
sample_357,XPENN
sample_2061,XPENN
sample_2453,Gates-Stanford
sample_2443,Gates-Stanford
sample_2437,Gates-Stanford
sample_2435,Gates-Stanford
sample_2440,Gates-Stanford
sample_536,XPENN
sample_1481,XPENN
sample_1544,Gates-Stanford
sample_1738,VMRC
sample_1746,Gates-Stanford
sample_1778,VMRC
sample_1795,Gates-Stanford
sample_1730,Gates-Stanford
sample_1715,Gates-Stanford
sample_1721,Gates-Stanford
sample_1737,Gates-Stanford
sample_2260,Gates-Stanford
sample_2248,Gates-Stanford
sample_2258,Gates-Stanford
sample_2271,Gates-Stanford
sample_2272,Gates-Stanford
sample_380,Gates-Stanford
sample_352,Gates-Stanford
sample_378,Gates-Stanford
sample_490,Gates-Stanford
sample_440,Gates-Stanford
sample_373,Gates-Stanford
sample_374,Gates-Stanford
sample_306,Gates-Stanford
sample_286,Gates-Stanford
sample_184,Gates-Stanford
sample_309,Gates-Stanford
sample_1340,Gates-Stanford
sample_1244,Gates-Stanford
sample_1281,Gates-Stanford
sample_1266,Gates-Stanford
sample_2406,Gates-Stanford
sample_2397,Gates-Stanford
sample_2394,VMRC
sample_2393,Gates-Stanford
sample_1736,Gates-Stanford
sample_1729,Gates-Stanford
sample_1772,Gates-Stanford
sample_1800,Gates-Stanford
sample_1761,Gates-Stanford
sample_1228,Gates-Stanford
sample_1211,Gates-Stanford
sample_1225,Gates-Stanford
sample_1183,Gates-Stanford
sample_978,XPENN
sample_862,XPENN
sample_1166,XPENN
sample_2498,Gates-UMD
sample_2501,Gates-UMD
sample_1528,Gates-UMD
sample_2412,Gates-UMD
sample_2413,Gates-UMD
sample_2415,Gates-UMD
sample_2299,Gates-UMD
sample_2300,Gates-UMD
sample_2502,Gates-UMD
sample_1256,Gates-UMD
sample_1821,Gates-UMD
sample_641,Gates-UMD
sample_1766,Gates-UMD
sample_1589,Gates-UMD
sample_1273,Gates-UMD
sample_1530,Gates-UMD
sample_1744,Gates-UMD
sample_1812,Gates-UMD
sample_1527,Gates-UMD
sample_1668,XPENN
sample_1119,XPENN
sample_1912,XPENN
sample_691,XPENN
sample_432,XPENN
sample_1203,XPENN
sample_570,XPENN
sample_2255,XPENN
sample_2106,XPENN
sample_1599,XPENN
sample_2143,XPENN
sample_1120,XPENN
sample_1353,XPENN
sample_1394,XPENN
sample_2512,XPENN
sample_663,XPENN
sample_297,XPENN
sample_566,XPENN
sample_2124,XPENN
sample_338,XPENN
sample_998,XPENN
sample_627,XPENN
sample_2036,XPENN
sample_1170,XPENN
sample_1685,XPENN
sample_1487,XPENN
sample_2470,XPENN
sample_168,XPENN
sample_965,XPENN
sample_1595,XPENN
sample_2151,XPENN
sample_2347,Gates-UMD
sample_2329,Symptoms
sample_2349,Gates-UMD
sample_864,Symptoms
sample_2351,Gates-UMD
sample_1590,Symptoms
sample_562,Symptoms
sample_2444,Symptoms
sample_102,Symptoms
sample_1083,Symptoms
sample_1107,Symptoms
sample_104,Symptoms
sample_1069,Symptoms
sample_611,Symptoms
sample_1015,Symptoms
sample_451,Gates-UMD
sample_369,Gates-UMD
sample_787,Symptoms
sample_747,Gates-UMD
sample_753,Symptoms
sample_1572,Gates-UMD
sample_1236,Symptoms
sample_1105,Symptoms
sample_1609,Symptoms
sample_1675,Gates-UMD
sample_1638,Symptoms
sample_1603,Gates-UMD
sample_17,Symptoms
sample_37,Gates-UMD
sample_163,Gates-UMD
sample_1632,Gates-UMD
sample_1546,Gates-UMD
sample_1577,Symptoms
sample_1557,Symptoms
sample_1673,Symptoms
sample_749,Symptoms
sample_958,Symptoms
sample_260,Symptoms
sample_249,Symptoms
sample_27,Symptoms
sample_1124,Gates-UMD
sample_1111,Gates-UMD
sample_991,Symptoms
sample_985,Symptoms
sample_1099,Gates-UMD
sample_891,Symptoms
sample_769,Symptoms
sample_916,Symptoms
sample_953,Symptoms
sample_1969,Symptoms
sample_1998,Gates-UMD
sample_2012,Symptoms
sample_2001,Symptoms
sample_2004,Gates-UMD
sample_746,Symptoms
sample_1427,Symptoms
sample_613,Symptoms
sample_1416,Symptoms
sample_649,Gates-UMD
sample_761,Symptoms
sample_865,Symptoms
sample_759,Symptoms
sample_1498,Symptoms
sample_1660,Symptoms
sample_1128,Symptoms
sample_840,Symptoms
sample_907,Symptoms
sample_1760,Gates-UMD
sample_1467,Gates-UMD
sample_1389,Gates-UMD
sample_1531,Symptoms
sample_1534,Symptoms
sample_1529,Symptoms
sample_1585,Symptoms
sample_2332,Gates-UMD
sample_87,Symptoms
sample_2339,Symptoms
sample_2336,Gates-UMD
sample_2323,Symptoms
sample_1655,Symptoms
sample_724,Symptoms
sample_696,Symptoms
sample_677,Symptoms
sample_1601,XPENN
sample_564,Symptoms
sample_537,Symptoms
sample_530,Symptoms
sample_719,Symptoms
sample_1161,XPENN
sample_1133,Symptoms
sample_2111,Symptoms
sample_901,Symptoms
sample_919,Gates-UMD
sample_939,Gates-UMD
sample_354,Gates-UMD
sample_1202,Gates-UMD
sample_1201,Gates-UMD
sample_358,Gates-UMD
sample_178,Gates-UMD
sample_194,Gates-UMD
sample_73,XPENN
sample_74,Gates-UMD
sample_1197,Gates-UMD
sample_2355,Symptoms
sample_2331,Symptoms
sample_1568,XPENN
sample_1962,Symptoms
sample_1961,Symptoms
sample_1960,Symptoms
sample_1979,Gates-UMD
sample_1977,Gates-UMD
sample_655,Gates-UMD
sample_1570,Gates-UMD
sample_700,Gates-UMD
sample_1681,Gates-UMD
sample_1698,Gates-UMD
sample_1680,Gates-UMD
sample_1696,Gates-UMD
sample_1594,Gates-UMD
sample_2265,Gates-UMD
sample_2262,Gates-UMD
sample_2257,Gates-UMD
sample_2226,Symptoms
sample_2256,Gates-UMD
sample_2228,Symptoms
sample_2229,Symptoms
sample_2230,Gates-UMD
sample_960,Symptoms
sample_811,Symptoms
sample_1148,Symptoms
sample_1607,Gates-UMD
sample_1682,Gates-UMD
sample_1614,Gates-UMD
sample_2007,Symptoms
sample_1027,Symptoms
sample_870,Gates-UMD
sample_829,Gates-UMD
sample_781,Symptoms
sample_823,Symptoms
sample_643,XPENN
sample_1968,Gates-UMD
sample_661,Gates-UMD
sample_606,Gates-UMD
sample_621,Gates-UMD
sample_946,Symptoms
sample_927,Symptoms
sample_871,Symptoms
sample_159,Symptoms
sample_1439,Gates-UMD
sample_1361,Gates-UMD
sample_983,Symptoms
sample_1576,Symptoms
sample_370,Symptoms
sample_522,Symptoms
sample_515,Symptoms
sample_974,Symptoms
sample_660,XPENN
sample_2424,Gates-UMD
sample_2423,Symptoms
sample_2420,Gates-UMD
sample_863,Symptoms
sample_2427,Symptoms
sample_2429,Gates-UMD
sample_2419,Gates-UMD
sample_2410,Gates-UMD
sample_1819,Symptoms
sample_1797,Symptoms
sample_1586,Symptoms
sample_1689,Symptoms
sample_1645,Symptoms
sample_1671,Symptoms
sample_1635,Symptoms
sample_1358,Symptoms
sample_1463,Gates-UMD
sample_858,Symptoms
sample_1346,Gates-UMD
sample_1357,Gates-UMD
sample_1666,Gates-UMD
sample_2240,Gates-UMD
sample_67,Symptoms
sample_24,Symptoms
sample_153,Symptoms
sample_1836,Symptoms
sample_1837,Symptoms
sample_1895,Symptoms
sample_2495,Symptoms
sample_1345,Symptoms
sample_2499,Gates-UMD
sample_1569,Gates-UMD
sample_2492,Gates-UMD
sample_2488,Gates-UMD
sample_2500,Gates-UMD
sample_682,Symptoms
sample_587,Symptoms
sample_532,Symptoms
sample_591,Symptoms
sample_1182,Symptoms
sample_518,Symptoms
sample_701,Symptoms
sample_698,Symptoms
sample_634,Symptoms
sample_732,Symptoms
sample_730,Symptoms
sample_906,Symptoms
sample_775,Gates-UMD
sample_699,Symptoms
sample_642,Symptoms
sample_686,Gates-UMD
sample_733,Symptoms
sample_567,Gates-UMD
sample_604,Gates-UMD
sample_841,Gates-UMD
sample_1734,Gates-UMD
sample_2528,Gates-UMD
sample_1697,Gates-UMD
sample_1370,XPENN
sample_725,Symptoms
sample_571,Symptoms
sample_1831,XPENN
sample_616,Symptoms
sample_523,Symptoms
sample_544,Symptoms
sample_318,Symptoms
sample_320,PreSSMat
sample_3,PreSSMat
sample_2185,PreSSMat
sample_13,PreSSMat
sample_19,PreSSMat
sample_2187,PreSSMat
sample_365,PreSSMat
sample_78,PreSSMat
sample_2342,PreSSMat
sample_134,PreSSMat
sample_2041,PreSSMat
sample_2366,PreSSMat
sample_2194,PreSSMat
sample_86,PreSSMat
sample_2196,PreSSMat
sample_2311,PreSSMat
sample_256,PreSSMat
sample_674,PreSSMat
sample_2451,PreSSMat
sample_1814,PreSSMat
sample_461,PreSSMat
sample_175,PreSSMat
sample_2177,PreSSMat
sample_2152,PreSSMat
sample_2353,PreSSMat
sample_2385,PreSSMat
sample_99,PreSSMat
sample_31,PreSSMat
sample_2280,PreSSMat
sample_2086,PreSSMat
sample_2092,PreSSMat
sample_1313,PreSSMat
sample_188,PreSSMat
sample_2169,PreSSMat
sample_2065,PreSSMat
sample_145,PreSSMat
sample_394,PreSSMat
sample_280,PreSSMat
sample_1902,PreSSMat
sample_1000,PreSSMat
sample_2222,PreSSMat
sample_22,PreSSMat
sample_1034,PreSSMat
sample_1237,PreSSMat
sample_446,PreSSMat
sample_36,PreSSMat
sample_91,PreSSMat
sample_92,PreSSMat
sample_2389,PreSSMat
sample_438,PreSSMat
sample_2136,PreSSMat
sample_167,PreSSMat
sample_273,PreSSMat
sample_2321,PreSSMat
sample_416,PreSSMat
sample_1134,PreSSMat
sample_1094,PreSSMat
sample_2212,PreSSMat
sample_1139,PreSSMat
sample_1300,PreSSMat
sample_1110,PreSSMat
sample_314,PreSSMat
sample_311,PreSSMat
sample_657,PreSSMat
sample_944,PreSSMat
sample_2069,PreSSMat
sample_1303,PreSSMat
sample_2209,PreSSMat
sample_1149,PreSSMat
sample_471,PreSSMat
sample_2310,PreSSMat
sample_2345,PreSSMat
sample_2373,PreSSMat
sample_2214,PreSSMat
sample_218,PreSSMat
sample_288,PreSSMat
sample_39,PreSSMat
sample_981,PreSSMat
sample_2193,PreSSMat
sample_491,PreSSMat
sample_401,PreSSMat
sample_1567,PreSSMat
sample_2184,PreSSMat
sample_2046,PreSSMat
sample_240,PreSSMat
sample_2186,PreSSMat
sample_1188,PreSSMat
sample_229,PreSSMat
sample_1260,PreSSMat
sample_1548,PreSSMat
sample_1901,PreSSMat
sample_2071,PreSSMat
sample_1186,PreSSMat
sample_289,PreSSMat
sample_1406,PreSSMat
sample_2174,PreSSMat
sample_2168,PreSSMat
sample_1634,PreSSMat
sample_277,PreSSMat
sample_2093,PreSSMat
sample_1229,PreSSMat
sample_2189,PreSSMat
sample_2277,PreSSMat
sample_505,PreSSMat
sample_1045,PreSSMat
sample_207,PreSSMat
sample_43,PreSSMat
sample_964,PreSSMat
sample_1180,PreSSMat
sample_130,PreSSMat
sample_1489,PreSSMat
sample_925,PreSSMat
sample_1464,PreSSMat
sample_2215,PreSSMat
sample_105,PreSSMat
sample_65,PreSSMat
sample_2380,PreSSMat
sample_1163,PreSSMat
sample_2047,PreSSMat
sample_329,PreSSMat
sample_1501,PreSSMat
sample_319,PreSSMat
sample_5,PreSSMat
sample_2031,PreSSMat
sample_1,PreSSMat
sample_2333,PreSSMat
sample_366,PreSSMat
sample_1493,PreSSMat
sample_2326,PreSSMat
sample_1705,PreSSMat
sample_961,PreSSMat
sample_2206,PreSSMat
sample_331,PreSSMat
sample_2322,PreSSMat
sample_1046,PreSSMat
sample_1102,PreSSMat
sample_1315,PreSSMat
sample_264,PreSSMat
sample_745,PreSSMat
sample_257,PreSSMat
sample_1283,PreSSMat
sample_2400,PreSSMat
sample_203,PreSSMat
sample_2475,PreSSMat
sample_344,PreSSMat
sample_136,PreSSMat
sample_69,PreSSMat
sample_70,PreSSMat
sample_2295,PreSSMat
sample_880,PreSSMat
sample_1054,PreSSMat
sample_1109,PreSSMat
sample_1095,PreSSMat
sample_1505,PreSSMat
sample_2216,PreSSMat
sample_1098,PreSSMat
sample_161,PreSSMat
sample_2392,PreSSMat
sample_1728,PreSSMat
sample_1179,PreSSMat
sample_2144,PreSSMat
sample_113,PreSSMat
sample_2051,PreSSMat
sample_1509,PreSSMat
sample_445,PreSSMat
sample_2285,PreSSMat
sample_1841,PreSSMat
sample_202,PreSSMat
sample_448,PreSSMat
sample_2377,PreSSMat
sample_2172,PreSSMat
sample_962,PreSSMat
sample_2179,PreSSMat
sample_2171,PreSSMat
sample_272,PreSSMat
sample_973,PreSSMat
sample_127,PreSSMat
sample_494,PreSSMat
sample_1137,PreSSMat
sample_1280,PreSSMat
sample_2354,PreSSMat
sample_2062,PreSSMat
sample_422,PreSSMat
sample_133,PreSSMat
sample_835,PreSSMat
sample_2219,PreSSMat
sample_97,PreSSMat
sample_2208,PreSSMat
sample_2364,PreSSMat
sample_388,PreSSMat
sample_2358,PreSSMat
sample_431,PreSSMat
sample_35,PreSSMat
sample_351,PreSSMat
sample_2175,PreSSMat
sample_2370,PreSSMat
sample_1043,PreSSMat
sample_395,PreSSMat
sample_2446,PreSSMat
sample_38,PreSSMat
sample_2403,PreSSMat
sample_2182,PreSSMat
sample_2365,PreSSMat
sample_284,PreSSMat
sample_485,PreSSMat
sample_2052,PreSSMat
sample_241,PreSSMat
sample_2162,PreSSMat
sample_476,PreSSMat
sample_2081,PreSSMat
sample_2204,PreSSMat
sample_1793,PreSSMat
sample_2037,PreSSMat
sample_2039,PreSSMat
sample_2181,PreSSMat
sample_1006,PreSSMat
sample_156,PreSSMat
sample_2198,PreSSMat
sample_1062,PreSSMat
sample_310,PreSSMat
sample_1241,PreSSMat
sample_2405,PreSSMat
sample_1014,PreSSMat
sample_2360,PreSSMat
sample_242,PreSSMat
sample_467,PreSSMat
sample_356,PreSSMat
sample_98,PreSSMat
sample_8,PreSSMat
sample_211,PreSSMat
sample_2211,PreSSMat
sample_62,PreSSMat
sample_898,PreSSMat
sample_226,PreSSMat
sample_251,PreSSMat
sample_1039,PreSSMat
sample_1217,PreSSMat
sample_2218,PreSSMat
sample_1175,PreSSMat
sample_2220,PreSSMat
sample_1169,PreSSMat
sample_182,PreSSMat
sample_1838,PreSSMat
sample_495,PreSSMat
sample_2374,PreSSMat
sample_363,PreSSMat
sample_2163,PreSSMat
sample_132,PreSSMat
sample_408,PreSSMat
sample_1399,PreSSMat
sample_2276,PreSSMat
sample_2371,PreSSMat
sample_975,PreSSMat
sample_2149,PreSSMat
sample_2244,PreSSMat
sample_994,PreSSMat
sample_89,PreSSMat
sample_1866,PreSSMat
sample_482,PreSSMat
sample_2200,PreSSMat
sample_2083,PreSSMat
sample_2316,PreSSMat
sample_341,PreSSMat
sample_1430,PreSSMat
sample_2205,PreSSMat
sample_1072,PreSSMat
sample_2207,PreSSMat
sample_2352,PreSSMat
sample_1378,PreSSMat
sample_170,PreSSMat
sample_2317,PreSSMat
sample_350,PreSSMat
sample_2213,PreSSMat
sample_2369,PreSSMat
sample_216,PreSSMat
sample_93,PreSSMat
sample_1306,PreSSMat
sample_425,PreSSMat
sample_2053,PreSSMat
sample_2293,PreSSMat
sample_2320,PreSSMat
sample_468,PreSSMat
sample_1317,PreSSMat
sample_442,PreSSMat
sample_1115,PreSSMat
sample_2368,PreSSMat
sample_1240,PreSSMat
sample_252,PreSSMat
sample_2379,PreSSMat
sample_2178,PreSSMat
sample_1167,PreSSMat
sample_1206,PreSSMat
sample_2372,PreSSMat
sample_453,PreSSMat
sample_1473,PreSSMat
sample_2191,PreSSMat
sample_236,PreSSMat
sample_375,PreSSMat
sample_46,PreSSMat
sample_2288,PreSSMat
sample_90,PreSSMat
sample_1469,PreSSMat
sample_2201,PreSSMat
sample_1643,PreSSMat
sample_2165,PreSSMat
sample_2217,PreSSMat
sample_466,PreSSMat
sample_1234,PreSSMat
sample_2180,PreSSMat
sample_2327,PreSSMat
sample_23,PreSSMat
sample_389,PreSSMat
sample_2132,PreSSMat
sample_2363,PreSSMat
sample_2312,PreSSMat
sample_2286,PreSSMat
sample_1832,PreSSMat
sample_2167,PreSSMat
sample_107,PreSSMat
sample_149,PreSSMat
sample_151,PreSSMat
sample_42,PreSSMat
sample_254,PreSSMat
sample_387,PreSSMat
sample_155,PreSSMat
sample_1196,PreSSMat
sample_1435,PreSSMat
sample_1267,PreSSMat
sample_487,PreSSMat
sample_199,PreSSMat
sample_2375,PreSSMat
sample_1189,PreSSMat
sample_968,PreSSMat
sample_2254,PreSSMat
sample_2480,PreSSMat
sample_399,PreSSMat
sample_2170,PreSSMat
sample_267,PreSSMat
sample_299,PreSSMat
sample_263,PreSSMat
sample_1253,PreSSMat
sample_419,PreSSMat
sample_489,PreSSMat
sample_1227,PreSSMat
sample_176,PreSSMat
sample_1413,PreSSMat
sample_1783,PreSSMat
sample_980,PreSSMat
sample_140,PreSSMat
sample_414,PreSSMat
sample_2076,PreSSMat
sample_2210,PreSSMat
sample_2173,PreSSMat
sample_61,PreSSMat
sample_103,PreSSMat
sample_506,PreSSMat
sample_2158,PreSSMat
sample_2202,PreSSMat
sample_1011,PreSSMat
sample_121,PreSSMat
sample_1443,PreSSMat
sample_1362,PreSSMat
sample_2118,PreSSMat
sample_2433,PreSSMat
sample_7,PreSSMat
sample_839,PreSSMat
sample_361,PreSSMat
sample_2199,PreSSMat
sample_10,PreSSMat
sample_2188,PreSSMat
sample_1722,PreSSMat
sample_465,PreSSMat
sample_1172,PreSSMat
sample_52,PreSSMat
sample_45,PreSSMat
sample_1537,PreSSMat
sample_2195,PreSSMat
sample_246,PreSSMat
sample_2197,PreSSMat
sample_957,PreSSMat
sample_735,PreSSMat
sample_1224,PreSSMat
sample_460,PreSSMat
sample_1239,PreSSMat
sample_2203,PreSSMat
sample_1041,PreSSMat
sample_325,PreSSMat
sample_231,PreSSMat
sample_2192,PreSSMat
sample_454,PreSSMat
sample_1262,PreSSMat
sample_181,PreSSMat
sample_348,PreSSMat
sample_307,PreSSMat
sample_391,PreSSMat
sample_2357,PreSSMat
sample_1285,PreSSMat
sample_2077,PreSSMat
sample_435,PreSSMat
sample_187,PreSSMat
sample_327,PreSSMat
sample_53,PreSSMat
sample_2221,PreSSMat
sample_2044,PreSSMat
sample_2223,PreSSMat
sample_222,PreSSMat
sample_2166,PreSSMat
sample_484,PreSSMat
sample_117,PreSSMat
sample_447,PreSSMat
sample_2378,PreSSMat
sample_174,PreSSMat
sample_2190,PreSSMat
sample_1176,Symptoms
sample_1174,Symptoms
sample_1154,Symptoms
sample_1547,Gates-Stanford
sample_1551,Gates-Stanford
sample_1545,Gates-Stanford
sample_1692,Gates-Stanford
sample_1657,Gates-Stanford
sample_2449,Symptoms
sample_1616,Symptoms
sample_2445,Symptoms
sample_668,Symptoms
sample_721,Symptoms
sample_999,Symptoms
sample_1071,Symptoms
sample_1352,Symptoms
sample_1404,Gates-UMD
sample_1343,Symptoms
sample_1521,Symptoms
sample_1420,Symptoms
sample_1512,Symptoms
sample_1490,Gates-UMD
sample_1515,Gates-UMD
sample_1424,Gates-UMD
sample_1747,Symptoms
sample_1215,Symptoms
sample_1385,Gates-UMD
sample_1415,Gates-UMD
sample_1494,Symptoms
sample_1347,Gates-UMD
sample_1354,Symptoms
sample_1432,Symptoms
sample_1341,Gates-UMD
sample_1516,Symptoms
sample_1477,Symptoms
sample_1436,Gates-UMD
sample_1360,Symptoms
sample_857,Gates-UMD
sample_869,Gates-UMD
sample_833,Gates-UMD
sample_794,Gates-UMD
sample_797,Gates-UMD
sample_2126,Symptoms
sample_2112,Symptoms
sample_2107,Symptoms
sample_2115,Gates-UMD
sample_2108,Gates-UMD
sample_2121,Gates-UMD
sample_992,Gates-UMD
sample_675,Gates-UMD
sample_1068,Symptoms
sample_1023,Symptoms
sample_920,Symptoms
sample_1132,Symptoms
sample_1112,Symptoms
sample_480,Symptoms
sample_969,Symptoms
sample_478,Symptoms
sample_2075,Symptoms
sample_1564,Symptoms
sample_2438,Symptoms
sample_1131,Gates-UMD
sample_1055,Gates-UMD
sample_1081,Gates-UMD
sample_1065,Gates-UMD
sample_2278,Symptoms
sample_2314,Symptoms
sample_1834,Symptoms
sample_1878,Symptoms
sample_1888,Symptoms
sample_2313,Symptoms
sample_2308,Symptoms
sample_441,Symptoms
sample_143,Symptoms
sample_25,Symptoms
sample_34,Gates-UMD
sample_26,Gates-UMD
sample_12,Gates-UMD
sample_2315,Symptoms
sample_2303,Symptoms
sample_2284,Symptoms
sample_2302,Symptoms
sample_2274,Symptoms
sample_1543,Gates-UMD
sample_1701,Gates-UMD
sample_1249,Gates-UMD
sample_1677,Gates-UMD
sample_1650,Gates-UMD
sample_2489,Gates-UMD
sample_1593,Gates-UMD
sample_2430,Gates-UMD
sample_2139,Gates-UMD
sample_2432,Gates-UMD
sample_1298,Gates-UMD
sample_1653,Symptoms
sample_1484,Symptoms
sample_1418,Symptoms
sample_2341,Symptoms
sample_2344,Symptoms
sample_1020,Symptoms
sample_1143,Symptoms
sample_1508,Symptoms
sample_1519,Symptoms
sample_1423,Symptoms
sample_1426,Symptoms
sample_1322,Gates-UMD
sample_1235,Gates-UMD
sample_1231,Gates-UMD
sample_1221,Gates-UMD
sample_1194,Gates-UMD
sample_618,Symptoms
sample_581,Symptoms
sample_580,Symptoms
sample_662,Symptoms
sample_2253,Gates-UMD
sample_1640,Gates-UMD
sample_2245,Gates-UMD
sample_2264,Gates-UMD
sample_2270,Gates-UMD
sample_120,Symptoms
sample_66,Symptoms
sample_166,Symptoms
sample_1005,Symptoms
sample_2452,Symptoms
sample_2442,Symptoms
sample_282,Symptoms
sample_1007,Symptoms
sample_605,Symptoms
sample_736,Symptoms
sample_934,Symptoms
sample_890,Gates-UMD
sample_923,Symptoms
sample_902,Gates-UMD
sample_807,Gates-UMD
sample_846,Gates-UMD
sample_849,Gates-UMD
sample_382,Symptoms
sample_481,Gates-UMD
sample_305,Symptoms
sample_1207,Gates-UMD
sample_493,Gates-UMD
sample_308,Gates-UMD
sample_1223,Gates-UMD
sample_2309,Symptoms
sample_2287,Gates-UMD
sample_1242,Symptoms
sample_651,Symptoms
sample_2304,Gates-UMD
sample_2291,Gates-UMD
sample_2510,Gates-UMD
sample_2307,Gates-UMD
sample_1571,Symptoms
sample_1524,Symptoms
sample_801,Symptoms
sample_798,Symptoms
sample_607,Symptoms
sample_48,Gates-UMD
sample_1978,Gates-UMD
sample_486,Gates-UMD
sample_160,Gates-UMD
sample_1190,Gates-UMD
sample_850,Symptoms
sample_861,Symptoms
sample_763,Symptoms
sample_2324,Symptoms
sample_1741,Symptoms
sample_1743,Symptoms
sample_1723,Symptoms
sample_1676,Symptoms
sample_1713,Symptoms
sample_1450,Symptoms
sample_1678,Symptoms
sample_1297,Symptoms
sample_1808,Symptoms
sample_2125,Symptoms
sample_1016,Symptoms
sample_1100,Symptoms
sample_988,Symptoms
sample_659,Symptoms
sample_982,Symptoms
sample_2519,Symptoms
sample_2525,Gates-UMD
sample_2524,Symptoms
sample_1608,Gates-UMD
sample_2526,Gates-UMD
sample_2523,Gates-UMD
sample_1029,Gates-UMD
sample_574,Symptoms
sample_690,Symptoms
sample_671,Symptoms
sample_542,Symptoms
sample_549,Symptoms
sample_1472,Symptoms
sample_1393,Symptoms
sample_1462,Symptoms
sample_1116,Symptoms
sample_2122,Symptoms
sample_77,Symptoms
sample_106,Symptoms
sample_855,Symptoms
sample_777,Symptoms
sample_843,Symptoms
sample_135,Symptoms
sample_2305,Gates-UMD
sample_821,Gates-UMD
sample_2283,Gates-UMD
sample_415,Gates-UMD
sample_1334,Gates-UMD
sample_417,Gates-UMD
sample_1210,Gates-UMD
sample_458,Gates-UMD
sample_2078,MMOTH
sample_637,MMOTH
sample_694,MMOTH
sample_1823,MMOTH
sample_1765,MMOTH
sample_1087,MMOTH
sample_603,MMOTH
sample_1757,MMOTH
sample_1129,MMOTH
sample_1337,MMOTH
sample_710,MMOTH
sample_737,MMOTH
sample_1140,MMOTH
sample_1336,MMOTH
sample_1763,MMOTH
sample_612,MMOTH
sample_615,MMOTH
sample_1982,MMOTH
sample_808,MMOTH
sample_1497,MMOTH
sample_521,MMOTH
sample_1703,MMOTH
sample_1392,MMOTH
sample_1786,MMOTH
sample_2133,MMOTH
sample_1255,MMOTH
sample_2486,MMOTH
sample_1610,MMOTH
sample_1554,MMOTH
sample_1428,MMOTH
sample_2249,MMOTH
sample_2048,MMOTH
sample_1810,MMOTH
sample_1767,MMOTH
sample_2050,MMOTH
sample_1405,MMOTH
sample_949,MMOTH
sample_1153,MMOTH
sample_1514,MMOTH
sample_738,MMOTH
sample_131,MMOTH
sample_2095,MMOTH
sample_904,MMOTH
sample_1042,MMOTH
sample_379,MMOTH
sample_1780,MMOTH
sample_1782,MMOTH
sample_139,Gates-UMD
sample_29,Gates-UMD
sample_11,Gates-UMD
sample_142,Gates-UMD
sample_101,Gates-UMD
sample_1687,Gates-UMD
sample_1811,Gates-UMD
sample_1789,Gates-UMD
sample_1318,Gates-UMD
sample_1790,Gates-UMD
sample_1787,Gates-UMD
sample_204,Gates-UMD
sample_2160,ZAPPS
sample_989,ZAPPS
sample_1965,ZAPPS
sample_1651,ZAPPS
sample_893,ZAPPS
sample_224,ZAPPS
sample_116,ZAPPS
sample_1706,ZAPPS
sample_2398,ZAPPS
sample_1596,ZAPPS
sample_488,ZAPPS
sample_609,ZAPPS
sample_1013,ZAPPS
sample_626,ZAPPS
sample_55,ZAPPS
sample_95,ZAPPS
sample_790,ZAPPS
sample_1523,ZAPPS
sample_6,ZAPPS
sample_1954,ZAPPS
sample_14,ZAPPS
sample_418,ZAPPS
sample_1853,ZAPPS
sample_868,ZAPPS
sample_497,ZAPPS
sample_235,ZAPPS
sample_1864,ZAPPS
sample_2436,ZAPPS
sample_412,ZAPPS
sample_1561,ZAPPS
sample_1222,ZAPPS
sample_2094,ZAPPS
sample_346,ZAPPS
sample_1103,ZAPPS
sample_144,ZAPPS
sample_1325,ZAPPS
sample_1383,ZAPPS
sample_1386,ZAPPS
sample_1859,ZAPPS
sample_2134,ZAPPS
sample_596,ZAPPS
sample_644,ZAPPS
sample_386,ZAPPS
sample_2243,ZAPPS
sample_2507,ZAPPS
sample_1861,ZAPPS
sample_2123,ZAPPS
sample_779,ZAPPS
sample_2130,ZAPPS
sample_18,ZAPPS
sample_1830,ZAPPS
sample_407,ZAPPS
sample_2395,ZAPPS
sample_1952,ZAPPS
sample_2142,ZAPPS
sample_2030,ZAPPS
sample_2033,ZAPPS
sample_303,ZAPPS
sample_1889,ZAPPS
sample_2350,ZAPPS
sample_335,ZAPPS
sample_909,ZAPPS
sample_172,ZAPPS
sample_635,ZAPPS
sample_2091,ZAPPS
sample_1312,ZAPPS
sample_148,ZAPPS
sample_477,ZAPPS
sample_316,ZAPPS
sample_1261,ZAPPS
sample_599,ZAPPS
sample_511,ZAPPS
sample_1740,ZAPPS
sample_1278,ZAPPS
sample_349,ZAPPS
sample_1921,ZAPPS
sample_501,ZAPPS
sample_1871,ZAPPS
sample_1296,ZAPPS
sample_243,ZAPPS
sample_79,ZAPPS
sample_300,ZAPPS
sample_1232,ZAPPS
sample_1152,ZAPPS
sample_1391,ZAPPS
sample_111,ZAPPS
sample_183,ZAPPS
sample_114,ZAPPS
sample_364,ZAPPS
sample_703,ZAPPS
sample_2161,ZAPPS
sample_201,ZAPPS
sample_624,ZAPPS
sample_2147,ZAPPS
sample_1164,ZAPPS
sample_876,ZAPPS
sample_1919,ZAPPS
sample_2067,ZAPPS
sample_2010,ZAPPS
sample_1848,ZAPPS
sample_171,ZAPPS
sample_1108,ZAPPS
sample_1679,ZAPPS
sample_1141,ZAPPS
sample_1468,ZAPPS
sample_2016,ZAPPS
sample_214,ZAPPS
sample_423,ZAPPS
sample_1355,ZAPPS
sample_1482,ZAPPS
sample_2119,ZAPPS
sample_1321,ZAPPS
sample_100,ZAPPS
sample_347,ZAPPS
sample_1335,ZAPPS
sample_2013,ZAPPS
sample_1466,ZAPPS
sample_848,ZAPPS
sample_228,ZAPPS
sample_2138,ZAPPS
sample_1867,ZAPPS
sample_150,ZAPPS
sample_1951,ZAPPS
sample_193,ZAPPS
sample_2359,ZAPPS
sample_922,ZAPPS
sample_1328,ZAPPS
sample_1478,ZAPPS
sample_1252,ZAPPS
sample_1624,ZAPPS
sample_1214,ZAPPS
sample_2237,ZAPPS
sample_2003,ZAPPS
sample_368,ZAPPS
sample_1199,ZAPPS
sample_410,ZAPPS
sample_817,ZAPPS
sample_1159,ZAPPS
sample_265,ZAPPS
sample_2103,ZAPPS
sample_80,ZAPPS
sample_702,ZAPPS
sample_49,ZAPPS
sample_676,ZAPPS
sample_697,ZAPPS
sample_1932,ZAPPS
sample_421,ZAPPS
sample_1971,ZAPPS
sample_205,ZAPPS
sample_2340,ZAPPS
sample_837,ZAPPS
sample_59,ZAPPS
sample_1647,ZAPPS
sample_508,ZAPPS
sample_430,ZAPPS
sample_225,ZAPPS
sample_717,ZAPPS
sample_2079,ZAPPS
sample_1269,ZAPPS
sample_393,ZAPPS
sample_2239,ZAPPS
sample_1858,ZAPPS
sample_1563,ZAPPS
sample_551,ZAPPS
sample_330,ZAPPS
sample_71,ZAPPS
sample_2028,ZAPPS
sample_2105,ZAPPS
sample_1950,ZAPPS
sample_15,ZAPPS
sample_1238,ZAPPS
sample_593,ZAPPS
sample_1198,ZAPPS
sample_2325,ZAPPS
sample_754,ZAPPS
sample_1178,ZAPPS
sample_367,ZAPPS
sample_332,ZAPPS
sample_1326,ZAPPS
sample_298,ZAPPS
sample_2063,ZAPPS
sample_1292,ZAPPS
sample_336,ZAPPS
sample_63,ZAPPS
sample_1051,ZAPPS
sample_213,ZAPPS
sample_935,ZAPPS
sample_340,ZAPPS
sample_1899,ZAPPS
sample_1248,ZAPPS
sample_383,ZAPPS
sample_545,ZAPPS
sample_180,ZAPPS
sample_631,ZAPPS
sample_731,ZAPPS
sample_2481,ZAPPS
sample_472,ZAPPS
sample_2346,ZAPPS
sample_818,ZAPPS
sample_1284,ZAPPS
sample_1058,ZAPPS
sample_437,ZAPPS
sample_1057,ZAPPS
sample_1471,ZAPPS
sample_578,ZAPPS
sample_360,ZAPPS
sample_524,ZAPPS
sample_1320,ZAPPS
sample_1909,ZAPPS
sample_197,ZAPPS
sample_1976,ZAPPS
sample_200,ZAPPS
sample_979,ZAPPS
sample_1584,ZAPPS
sample_1200,ZAPPS
sample_970,ZAPPS
sample_2127,ZAPPS
sample_126,ZAPPS
sample_372,ZAPPS
sample_2343,ZAPPS
sample_740,ZAPPS
sample_269,ZAPPS
sample_1409,ZAPPS
sample_1282,ZAPPS
sample_2157,ZAPPS
sample_2150,ZAPPS
sample_695,ZAPPS
sample_1913,ZAPPS
sample_326,ZAPPS
sample_1959,ZAPPS
sample_384,ZAPPS
sample_2042,ZAPPS
sample_109,ZAPPS
sample_1195,ZAPPS
sample_1513,ZAPPS
sample_1150,ZAPPS
sample_1307,ZAPPS
sample_2235,ZAPPS
sample_1502,ZAPPS
sample_146,ZAPPS
sample_652,ZAPPS
sample_1084,ZAPPS
sample_1993,ZAPPS
sample_82,ZAPPS
sample_1417,ZAPPS
sample_516,ZAPPS
sample_32,ZAPPS
sample_33,ZAPPS
sample_483,ZAPPS
sample_157,ZAPPS
sample_2176,ZAPPS
sample_926,ZAPPS
sample_2145,ZAPPS
sample_2148,ZAPPS
sample_464,ZAPPS
sample_1915,ZAPPS
sample_2131,ZAPPS
sample_533,ZAPPS
sample_1769,ZAPPS
sample_16,ZAPPS
sample_1633,ZAPPS
sample_2102,ZAPPS
sample_1021,ZAPPS
sample_2104,ZAPPS
sample_1483,ZAPPS
sample_217,ZAPPS
sample_238,ZAPPS
sample_834,ZAPPS
sample_2100,ZAPPS
sample_233,ZAPPS
sample_1863,ZAPPS
sample_191,ZAPPS
sample_510,ZAPPS
sample_509,ZAPPS
sample_633,ZAPPS
sample_1931,STING
sample_1517,STING
sample_1076,STING
sample_1694,STING
sample_1856,STING
sample_856,STING
sample_1004,STING
sample_550,STING
sample_1205,LSVF
sample_220,STING
sample_1431,STING
sample_1142,STING
sample_514,STING
sample_529,STING
sample_1620,STING
sample_1078,STING
sample_1049,STING
sample_1410,STING
sample_2155,STING
sample_1981,STING
sample_586,STING
sample_2116,STING
sample_590,STING
sample_1890,STING
sample_1446,STING
sample_1507,STING
sample_2259,STING
sample_1988,LSVF
sample_2494,STING
sample_2120,STING
sample_2097,STING
sample_1441,STING
sample_1900,STING
sample_1923,STING
sample_601,STING
sample_439,STING
sample_1459,STING
sample_1101,STING
sample_1460,STING
sample_2073,STING
sample_455,STING
sample_2113,STING
sample_1990,STING
sample_2301,STING
sample_2514,STING
sample_1884,STING
sample_2137,STING
sample_1429,STING
sample_2261,STING
sample_672,STING
sample_750,STING
sample_760,STING
sample_1648,STING
sample_1619,STING
sample_1582,STING
sample_1500,LSVF
sample_1588,LSVF
sample_1587,LSVF
sample_1556,LSVF
sample_1612,LSVF
sample_1644,STING
sample_1617,LSVF
sample_1549,STING
sample_1573,STING
sample_2074,STING
sample_1526,STING
sample_1700,STING
sample_1565,STING
sample_1699,STING
sample_1690,STING
sample_1491,STING
sample_1656,LSVF
sample_1628,LSVF
sample_1629,LSVF
sample_2057,STING
sample_1373,STING
sample_1639,LSVF
sample_1672,STING
sample_1631,LSVF
sample_1691,STING
sample_2231,STING
sample_917,STING
sample_1667,STING
sample_711,Gates-Stanford
sample_1332,Gates-Stanford
sample_1641,Gates-Stanford
sample_1258,Gates-Stanford
sample_1598,Gates-Stanford
sample_2292,Gates-Stanford
sample_2275,Gates-Stanford
sample_2465,Gates-Stanford
sample_2462,Gates-Stanford
sample_1560,Gates-Stanford
sample_1538,Gates-Stanford
sample_1580,Gates-Stanford
sample_2297,Gates-Stanford
sample_2298,Gates-Stanford
sample_258,Gates-Stanford
sample_1542,Gates-Stanford
sample_1541,Gates-Stanford
sample_709,Gates-Stanford
sample_1204,Gates-Stanford
sample_2049,Gates-Stanford
sample_2456,Gates-Stanford
sample_1539,Gates-Stanford
sample_2458,Gates-Stanford
sample_2466,Gates-Stanford
sample_2469,Gates-Stanford
sample_1366,Gates-Stanford
sample_1371,Gates-Stanford
sample_1372,Gates-Stanford
sample_1492,Gates-Stanford
sample_1622,Gates-Stanford
sample_1623,Gates-Stanford
sample_1053,Gates-Stanford
sample_1070,Gates-Stanford
sample_1127,Gates-Stanford
sample_722,Gates-Stanford
sample_1550,Gates-Stanford
sample_1686,VMRC
sample_1559,Gates-Stanford
sample_428,Gates-Stanford
sample_169,Gates-Stanford
sample_253,Gates-Stanford
sample_227,Gates-Stanford
sample_186,Gates-Stanford
sample_147,VMRC
sample_2516,Gates-Stanford
sample_2515,Gates-Stanford
sample_2506,Gates-Stanford
sample_2508,Gates-Stanford
sample_192,Gates-Stanford
sample_2040,Gates-Stanford
sample_2035,Gates-Stanford
sample_402,Gates-Stanford
sample_499,Gates-Stanford
sample_443,Gates-Stanford
sample_322,Gates-Stanford
sample_405,Gates-Stanford
sample_1553,Gates-Stanford
sample_513,Gates-Stanford
sample_1052,VMRC
sample_573,Gates-Stanford
sample_623,Gates-Stanford
sample_1173,Gates-Stanford
sample_1171,VMRC
sample_1156,Gates-Stanford
sample_2281,Gates-Stanford
sample_1308,Gates-Stanford
sample_1785,Gates-Stanford
sample_1824,Gates-Stanford
sample_712,Gates-Stanford
sample_729,Gates-Stanford
sample_1688,Gates-Stanford
sample_1615,Gates-Stanford
sample_232,Gates-Stanford
sample_600,Gates-Stanford
sample_1125,Gates-Stanford
sample_1804,Gates-Stanford
sample_195,Gates-Stanford
sample_255,Gates-Stanford
sample_209,Gates-Stanford
sample_60,Gates-Stanford
sample_1566,Gates-Stanford
sample_826,Gates-Stanford
sample_1625,Gates-Stanford
sample_2056,Gates-Stanford
sample_2068,Gates-Stanford
sample_2472,Gates-Stanford
sample_2156,Gates-Stanford
sample_398,VMRC
sample_2141,Gates-Stanford
sample_2471,Gates-Stanford
sample_2483,Gates-Stanford
sample_2476,Gates-Stanford
sample_2484,VMRC
sample_115,Gates-Stanford
sample_76,Gates-Stanford
sample_239,Gates-Stanford
sample_158,Gates-Stanford
sample_1597,Gates-Stanford
sample_1719,Gates-Stanford
sample_1710,Gates-Stanford
sample_1807,Gates-Stanford
sample_1781,Gates-Stanford
sample_1727,Gates-Stanford
sample_1368,STING
sample_2474,STING
sample_128,STING
sample_1511,STING
sample_1510,STING
sample_212,STING
sample_1442,STING
sample_215,STING
sample_1274,STING
sample_1642,STING
sample_1600,STING
sample_164,STING
sample_742,STING
sample_2129,STING
sample_987,STING
sample_1503,STING
sample_2183,STING
sample_1147,STING
sample_1454,STING
sample_1311,STING
sample_1574,STING
sample_1425,STING
sample_804,STING
sample_803,STING
sample_1652,STING
sample_2241,STING
sample_2088,STING
sample_1504,STING
sample_1659,STING
sample_1520,STING
sample_2064,STING
sample_2247,STING
sample_1611,STING
sample_666,Gates-Stanford
sample_683,Gates-Stanford
sample_2479,Gates-Stanford
sample_2478,Gates-Stanford
sample_1583,Gates-Stanford
sample_2477,Gates-Stanford
sample_2473,Gates-Stanford
sample_632,Gates-Stanford
sample_2337,Symptoms
sample_2318,Symptoms
sample_1522,Symptoms
sample_931,Symptoms
sample_938,Symptoms
sample_903,Symptoms
sample_940,Symptoms
sample_889,Symptoms
sample_884,Symptoms
sample_685,Symptoms
sample_679,Symptoms
sample_684,Symptoms
sample_744,Symptoms
sample_630,Symptoms
sample_673,Symptoms
sample_645,Symptoms
sample_535,Symptoms
sample_716,Symptoms
sample_1299,Symptoms
sample_1897,Symptoms
sample_2099,Symptoms
sample_1896,Symptoms
sample_1220,Symptoms
sample_397,Irish
sample_2422,Irish
sample_783,Irish
sample_2463,Irish
sample_72,Irish
sample_2431,Irish
sample_2399,Irish
sample_1579,Irish
sample_198,Irish
sample_324,Irish
sample_2387,Irish
sample_2421,Irish
sample_2356,Irish
sample_301,Irish
sample_94,Irish
sample_2328,Irish
sample_1525,Irish
sample_57,Irish
sample_2391,Irish
sample_1776,Irish
sample_376,Irish
sample_1155,Irish
sample_337,Irish
sample_1669,Irish
sample_1310,Irish
sample_2386,Irish
sample_1301,Irish
sample_2464,Irish
sample_137,Irish
sample_2428,Irish
sample_138,Irish
sample_247,Irish
sample_1263,Irish
sample_470,Irish
sample_2267,Irish
sample_2522,Irish
sample_2457,Irish
sample_1216,Irish
sample_474,Irish
sample_1533,Irish
sample_2408,Irish
sample_2334,Irish
sample_2425,Irish
sample_208,Irish
sample_112,Irish
sample_2455,Irish
sample_2468,Irish
sample_234,Irish
sample_2527,Irish
sample_259,Irish
sample_2263,Irish
sample_1455,Irish
sample_479,Irish
sample_450,Irish
sample_1158,Irish
sample_2517,Irish
sample_1658,Irish
sample_1192,Irish
sample_1752,Irish
sample_2482,Irish
sample_275,Irish
sample_2401,Irish
sample_248,Irish
sample_1654,Irish
sample_496,Irish
sample_381,Irish
sample_1272,Irish
sample_2319,Irish
sample_165,Irish
sample_1754,Irish
sample_58,Irish
sample_2521,Irish
sample_1305,Irish
sample_4,Irish
sample_2459,Irish
sample_2409,Irish
sample_185,Irish
sample_2520,Irish
sample_189,Irish
sample_1748,Irish
sample_81,Irish
sample_2417,Irish
sample_219,Irish
sample_2454,Irish
sample_469,Irish
sample_154,Irish
sample_223,Chinese
sample_403,Chinese
sample_2439,Chinese
sample_2362,Chinese
sample_2045,Chinese
sample_899,Chinese
sample_2238,Chinese
sample_190,Chinese
sample_125,Chinese
sample_56,Chinese
sample_30,Chinese
sample_540,Chinese
sample_762,Chinese
sample_1250,Chinese
sample_1447,Chinese
sample_1264,Chinese
sample_1758,Chinese
sample_1319,Chinese
sample_2084,Chinese
sample_462,Chinese
sample_1817,Chinese
sample_173,Chinese
sample_206,Chinese
sample_1794,Chinese
sample_317,Chinese
sample_1798,Chinese
sample_245,Chinese
sample_1646,Chinese
sample_210,Chinese
sample_1771,Chinese
sample_503,Chinese
sample_1293,Chinese
sample_1330,Chinese
sample_2080,Chinese
sample_177,Chinese
sample_1750,Chinese
sample_1191,Chinese
sample_1177,Chinese
sample_1316,Chinese
sample_1518,Chinese
sample_2034,Chinese
sample_1716,Chinese
sample_1707,Chinese
sample_75,Chinese
sample_118,Chinese
sample_1226,Chinese
sample_2058,Chinese
sample_123,Chinese
sample_1440,Chinese
sample_1185,Chinese
sample_831,Chinese
sample_782,Chinese
sample_941,Chinese
sample_1475,Chinese
sample_1799,Chinese
sample_1784,Chinese
sample_959,Chinese
sample_196,Chinese
sample_1813,Chinese
sample_230,Chinese
sample_1602,Chinese
sample_221,Chinese
sample_1777,Chinese
sample_1805,Chinese
sample_1331,FIJI
sample_878,FIJI
sample_933,FIJI
sample_936,FIJI
sample_2233,FIJI
sample_2236,FIJI
sample_1882,FIJI
sample_1925,FIJI
sample_924,FIJI
sample_2382,FIJI
sample_830,FIJI
sample_1847,FIJI
sample_1874,FIJI
sample_576,FIJI
sample_619,FIJI
sample_2054,FIJI
sample_2381,FIJI
